timestamp,value1,value2,value3,value4,value5,value6,value7,value8,value9,value10,value11,value12,value13,value14,value15,value16,value17,value18,value19,value20,value21
0.0,217358.84297883866,0.0,35.61176792736682,0.0,0.0,46798.044731939284,0.0,3.421622071066256,0.0,0.0,0.0,0.0,0.0,0.0,0.0,0.0,0.0,0.0,0.0,0.0,43.408836845481645
0.14285714285714285,243267.83789652959,7.1886448676957775,29.04938917827277,1.8078050702530075,0.0,21388.711922526632,0.716213848153788,0.7533429204396531,0.22412956010844348,0.0,7.95313678212174e-6,4.012963107297118,0.06382306646564193,0.0,0.14015365578740285,0.003660865185729178,0.0,4.654533514656678e-5,0.0,0.0,44.05513724140747
0.2857142857142857,226990.56766571465,15.06409992856953,26.807010146775788,3.2948280880771974,0.0,19339.631510232655,2.00485623856736,0.5365117808902351,0.47480172070452764,0.0,5.586873768179156e-5,3.965490399549363,0.073913418132863,0.0,0.16956853856168208,0.005535242689157957,0.0,0.00010981169984181525,0.0,0.0,45.94325517079865
0.42857142857142855,211188.5244931187,20.9935354626378,25.75436361600938,4.59903723942163,0.0,17936.976856371995,3.069358965694134,0.5553345020285841,0.6984766201226107,0.0,0.00013452278118897314,3.816894429585253,0.07043720118927502,0.0,0.16491628778890818,0.005759236908683031,0.0,0.00012486779334527247,0.0,0.0,48.93172777772808
0.5714285714285714,196348.4587155225,25.67131081504018,25.57512486173998,5.775659448709002,0.0,16731.489071529526,3.9152902295117014,0.5814333051573185,0.9017362545691568,0.0,0.00023019624887439657,3.7480197550353562,0.06830414982476773,0.0,0.16186563763105935,0.005709915712427855,0.0,0.00012962466593493838,0.0,0.0,52.43147117945916
0.7142857142857143,182726.01704607363,29.675666654919716,25.98258303282585,6.845744543586108,0.0,15621.526267141293,4.601317996626479,0.6167004628914945,1.082859673043791,0.0,0.0003431370279831556,3.7782109711068115,0.06793047125099458,0.0,0.16189750472800213,0.0056562709005968555,0.0,0.00013881644040254177,0.0,0.0,56.5648390777083
0.8571428571428571,169728.79819351653,33.06016951730548,26.786096544568238,7.857824249567209,0.0,14552.84720814025,5.177394092833176,0.6535196165965087,1.2527813807854749,0.0,0.00045992207777320945,3.8492281938029063,0.06849975931698439,0.0,0.16388017950723488,0.005733314941241862,0.0,0.000150759333163156,0.0,0.0,61.35795991541154
1.0,157954.8513824533,35.62478293629067,27.646561210050336,8.87926969052879,0.0,13587.626557204914,5.699994267920864,0.6871614957098411,1.413751268289886,0.0,0.0005860683926525608,3.976551242254267,0.06999704578659846,0.0,0.16863516611124507,0.005907950547730132,0.0,0.00016602679035571815,0.0,0.0,66.43622740280546
1.1428571428571428,146744.483401574,38.43834590972578,28.811097182052332,9.882432441944928,0.0,12624.257743653623,6.1533766864476185,0.7309636312628827,1.5808287665714953,0.0,0.000733051113801083,4.140365493814831,0.07268011703699528,0.0,0.1741598341099468,0.006164006026644424,0.0,0.00018697889299683156,0.0,0.0,71.95633979752054
1.2857142857142858,136541.33704000228,40.90115577345853,30.035436205226585,10.866650833866075,0.0,11763.146231498118,6.579401173033764,0.779047428613312,1.7415387863913003,0.0,0.0009029372638206327,4.317511915342978,0.07573990249493248,0.0,0.18257333387815342,0.006472851244790299,0.0,0.00020800661857451393,0.0,0.0,77.49635739674831
1.4285714285714286,126980.43223743208,43.43833075941928,31.42379939967063,11.773305529086894,0.0,10960.292803484108,6.982565909096039,0.8169076710703853,1.9039817539041557,0.0,0.0010980083611831998,4.537502479358601,0.07968140306547217,0.0,0.19140356109628082,0.006817302993305097,0.0,0.00023684213545399483,0.0,0.0,83.84832041162244
1.5714285714285714,118078.71907991655,45.80042643350491,32.94786012330631,12.759980994394052,0.0,10228.395823341998,7.385369146043817,0.8566741634915215,2.064292956696147,0.0,0.0013241806054611867,4.75570456304197,0.08343936747458698,0.0,0.20178957528100488,0.007241231323205489,0.0,0.00026822818507955386,0.0,0.0,90.6765639482459
1.7142857142857142,109914.44221429394,48.32996334533124,34.74669708611726,13.77106027498072,0.0,9529.511941876497,7.806329573138472,0.9008131523103715,2.2272443382369724,0.0,0.0015884286231095408,4.979449926562893,0.0875851175577198,0.0,0.21184345803588453,0.0077077684191751835,0.0,0.00030507796768320424,0.0,0.0,97.86657023273534
1.8571428571428572,102217.73424634022,50.80044128430751,36.562950824414756,14.826762821521454,0.0,8884.811100016064,8.234067410619287,0.9532858701190543,2.3883702041208332,0.0,0.0019228996438610895,5.215108321633494,0.0922627615684874,0.0,0.22221224760739963,0.008241416954667711,0.0,0.0003518645963161988,0.0,0.0,105.22685729669342
2.0,95156.69994868909,53.441714830433455,38.46183519922744,15.916948015099903,0.0,8297.620687952061,8.69764466610436,1.005966710438976,2.5675384163515345,0.0,0.0022989776020815016,5.510271495685717,0.09735377326664729,0.0,0.23441171484965423,0.008857492759607859,0.0,0.000404459524156535,0.0,0.0,112.86111428234157
2.142857142857143,88514.03674220413,56.25435005221335,40.665109139499,17.03640685160454,0.0,7719.022564354121,9.156538790407112,1.0664830311957303,2.746606428027433,0.0,0.0027444895271153914,5.789813399315044,0.1025366719959778,0.0,0.2469376580016246,0.009490550317233249,0.0,0.00046976168130277284,0.0,0.0,121.28104114407546
2.2857142857142856,82390.83876916033,59.11508812993128,42.75669212451446,18.11385493937786,0.0,7208.093016513969,9.602867948665818,1.1323472402784647,2.9243024334299803,0.0,0.0032562038399404783,6.1175546063903115,0.10856477505666504,0.0,0.26057345717942526,0.01028675125549589,0.0,0.000534033037599628,0.0,0.0,130.03695013588774
2.4285714285714284,76671.22418027229,62.651125318052436,45.17709795399773,19.20004756878977,0.0,6726.184464165635,10.095332533965063,1.2032265126968866,3.111088367477853,0.0,0.0038934913279595734,6.43515819532927,0.11450788944505885,0.0,0.27317742047264076,0.011127963039943673,0.0,0.000624304049641949,0.0,0.0,139.89737197468585
2.5714285714285716,71445.18828039957,65.76079775234197,47.74835387992415,20.293097162327605,0.0,6264.442734467642,10.634547525051682,1.2763715300127743,3.3106119459412473,0.0,0.004674105521756142,6.800567404903569,0.12096487666974148,0.0,0.2869890883536147,0.011974893099025743,0.0,0.0007274912919835105,0.0,0.0,150.04903879118706
2.7142857142857144,66432.27928373852,69.5472944597106,50.191524381780965,21.647122607455145,0.0,5845.63721605839,11.194703845819909,1.3433855256104286,3.5142340049083076,0.0,0.005635227001136646,7.182715470327006,0.12748697224849243,0.0,0.30333189313960435,0.012792487265700394,0.0,0.0008494772280318274,0.0,0.0,160.78441374764225
2.857142857142857,61863.51000736903,73.4280055308187,53.021500409981364,22.96213117544914,0.0,5444.029671601211,11.826932610020542,1.4176694800547878,3.7142025849251987,0.0,0.006718573007093621,7.55668381678483,0.13605382509450983,0.0,0.32155611367631654,0.013882693422597734,0.0,0.0009869613247997296,0.0,0.0,171.91239572251206
3.0,57611.922030216374,77.50595142384633,55.85049408727957,24.29360366996838,0.0,5075.014184283389,12.470383728784578,1.4969114692799967,3.928532682616339,0.0,0.008057765311171425,7.962403165240763,0.14349766709848133,0.0,0.3400354423198088,0.015241410902301484,0.0,0.0011553573141798936,0.0,0.0,183.3340115630175
3.142857142857143,53593.274395470435,81.94206039007182,58.91538832836446,25.718765658274663,0.0,4716.04499077452,13.154926181405429,1.5768042000274423,4.143281443305058,0.0,0.009621741350238428,8.382337446145119,0.15190026095734854,0.0,0.35979348778570075,0.01669038123035098,0.0,0.0013525829469220002,0.0,0.0,195.5407193775401
3.2857142857142856,49815.633445978994,86.40213977769861,62.11793725388992,27.278941004317318,0.0,4383.65139915238,13.886020507526313,1.6598940101726605,4.386476479617551,0.0,0.011565385819886498,8.816725624461483,0.16001419116432203,0.0,0.3807915970053972,0.01838330732311807,0.0,0.0015947267146392695,0.0,0.0,209.05797768936415
3.4285714285714284,46353.970911062905,90.8751548491054,65.72153074944542,28.872712063855886,0.0,4079.6733403878907,14.648058810209525,1.743123307948841,4.658387104447815,0.0,0.01384754370574108,9.2714703562302,0.17041368254686562,0.0,0.4020943840274225,0.02018475740081474,0.0,0.001875427500427827,0.0,0.0,222.32850773721918
3.5714285714285716,43134.76657860806,95.83188944468367,69.37225751519085,30.673554203674975,0.0,3789.3914012742207,15.391127777219024,1.8309323602085819,4.944388831014975,0.0,0.016436677160076324,9.73695609565894,0.18183226819458342,0.0,0.4240920038487765,0.022204127715710113,0.0,0.0021735369137462074,0.0,0.0,236.68310544986696
3.7142857142857144,40132.815855226116,100.85964188319872,73.26729709669482,32.38615279860251,0.0,3520.1873041809195,16.265893127178067,1.9320085119084123,5.213610589675325,0.0,0.01954699534638164,10.301643232670255,0.19355620861807965,0.0,0.4484593364114643,0.024479129515948782,0.0,0.002554224917564675,0.0,0.0,251.91452312059454
3.857142857142857,37329.78560246782,106.22490469030362,77.21272194779667,34.232014366991905,0.0,3267.6241008268307,17.139695658837294,2.0293924039842355,5.504624492367665,0.0,0.023319566745934637,10.8698016635663,0.20576763627880615,0.0,0.4725910372872147,0.027077274219101173,0.0,0.003016866423393721,0.0,0.0,267.2877367048119
4.0,34698.056894892565,111.86104091003986,81.5023258495293,36.2446255562823,0.0,3039.8180729864284,18.02766729584357,2.1311269466172016,5.799886463444776,0.0,0.027786024397951685,11.479984413343237,0.21899186602779225,0.0,0.5001460823230351,0.029958612832884042,0.0,0.0035778815082376896,0.0,0.0,284.2980216856446
4.142857142857143,32224.651382192853,117.81941837860646,86.00542524594181,38.274396975558716,0.0,2822.698144569822,18.97942367257752,2.2477051326180977,6.1201878725972065,0.0,0.03309008794984124,12.110027792646246,0.23316938656443362,0.0,0.5273158100724704,0.03298468289030381,0.0,0.0042369249051163495,0.0,0.0,302.5411181420305
4.285714285714286,29951.52324636714,123.8619280762742,90.35686768505701,40.33524293771663,0.0,2608.567677360621,19.98198943610091,2.3671588800286054,6.4757400037355195,0.0,0.03986389546525479,12.822075665341133,0.2490709631602573,0.0,0.5553461888465281,0.03707672979796109,0.0,0.0050082066307844935,0.0,0.0,321.8294085833317
4.428571428571429,27833.926186846984,130.71340195721973,95.07363628240381,42.567192881592334,0.0,2421.5757196731797,21.015400891855084,2.4891807510878547,6.828055154690762,0.0,0.04788902019766754,13.497878131807528,0.26699208914133765,0.0,0.5913247002430863,0.04200537708106518,0.0,0.005918958937220723,0.0,0.0,340.6750675583577
4.571428571428571,25878.911957841206,138.0276683632673,100.2751167079953,44.83328616814066,0.0,2244.273911400355,22.093626843529528,2.612501519113713,7.166188628477363,0.0,0.057245657714345484,14.186218203441296,0.28450470717881055,0.0,0.6258590730439152,0.04743973484737192,0.0,0.006972823107333336,0.0,0.0,360.8377922858954
4.714285714285714,24054.026669895095,145.6978063338525,106.14069932511026,47.087838874241235,0.0,2081.7514856005555,23.24197606695438,2.7337205614943194,7.572429220550506,0.0,0.06805651572566089,15.011525488764143,0.302977545962928,0.0,0.6646296902049902,0.05358813605353585,0.0,0.008212346281516658,0.0,0.0,383.5547250456576
4.857142857142857,22340.638830378837,153.43469731668233,111.87628132105296,49.301157569323784,0.0,1935.1448607453517,24.458771233208026,2.856609436301482,7.932189487707195,0.0,0.08148213926047472,15.749616313157286,0.32384727075678993,0.0,0.7042791998297055,0.06063528862020631,0.0,0.00970706132351963,0.0,0.0,406.8137882714051
5.0,20749.553299991938,160.9183272734772,118.10240648230906,51.60726702481094,0.0,1795.615904118832,25.706167112083442,2.98673080952177,8.359039985332828,0.0,0.09743406502111791,16.514149795837184,0.3466550607100371,0.0,0.7507826485728127,0.06817085015637979,0.0,0.011508058693845202,0.0,0.0,430.7800044350489
5.142857142857143,19249.5491132659,169.17408932454993,123.72101421027367,54.317689154819796,0.0,1665.9442852063391,27.04467241880314,3.1269290295649586,8.75906550595662,0.0,0.11522717538972081,17.35660617587694,0.3738219648692319,0.0,0.7982496836503167,0.07753314504299644,0.0,0.013572874601340339,0.0,0.0,455.193188685059
5.285714285714286,17862.088109982673,179.1385103881206,129.9840629488429,57.20680920062449,0.0,1543.790403780944,28.389049432706702,3.28263642763847,9.18434041093686,0.0,0.13683886657997218,18.241420765611956,0.39984232678508225,0.0,0.848537564603541,0.08889315880185991,0.0,0.016124844175443912,0.0,0.0,480.8048719460095
5.428571428571429,16566.69135400012,188.25906893540667,136.81991805809633,59.90601347339383,0.0,1429.9900229111422,29.80273590301923,3.4372970383883343,9.649713724169512,0.0,0.16363045428456263,19.19283881916862,0.42905495821486717,0.0,0.9039253620288774,0.101050915221026,0.0,0.019058215879076152,0.0,0.0,508.2006995318998
5.571428571428571,15346.078098913596,197.75566923908056,144.31651967972246,62.81343177777042,0.0,1324.7865048191252,31.2601918088436,3.592672021759971,10.098415601439257,0.0,0.19474866920049774,20.208069822804944,0.4649738453575952,0.0,0.9593549930053155,0.11594434618185256,0.0,0.022692005419040012,0.0,0.0,537.9508129834087
5.714285714285714,14219.969538472025,207.37232758737963,152.19811823336568,65.94108718850902,0.0,1223.6783184202445,32.75676576547494,3.7640337228997454,10.561853166838242,0.0,0.22984042582694086,21.190180449415585,0.5016180628744162,0.0,1.0264638013281804,0.13417278243402525,0.0,0.026721352220670666,0.0,0.0,568.0552580679822
5.857142857142857,13173.549579227321,217.21419679596914,159.82888172884415,69.65951158558454,0.0,1130.9586409415383,34.38634913453815,3.9619303976734233,11.026789024186012,0.0,0.2735734812599662,22.279497490226547,0.5484686784781803,0.0,1.08204433956366,0.15697393556742423,0.0,0.031288776342314126,0.0,0.0,600.003807461198
6.0,12207.009915005478,227.43063012023111,168.29297832119812,73.1837962991524,0.0,1041.2896153029576,35.872865934391974,4.154533945108254,11.548963416228412,0.0,0.32655899702102675,23.432074392347225,0.5984722748884415,0.0,1.1567932255179834,0.18369908438032662,0.0,0.037310959252148154,0.0,0.0,632.7370891048924
6.142857142857143,11305.22334345176,239.5926994021874,177.04489853161962,76.7831669040443,0.0,956.1264216975969,37.36191777728601,4.324802534720732,12.058786009877437,0.0,0.38590979391496805,24.583530743835013,0.650599222182617,0.0,1.2451266476231302,0.21294200857801018,0.0,0.04421812400426999,0.0,0.0,667.1790666820434
6.285714285714286,10462.042919358453,252.08619384830462,186.54898031959254,80.58152847020244,0.0,879.194028733601,39.04476017404333,4.515813624100968,12.58675513992966,0.0,0.457629232852496,25.774683104421825,0.705368589405182,0.0,1.3401073706423658,0.2472162768121507,0.0,0.05213061920560584,0.0,0.0,702.7553736823006
6.428571428571429,9659.738309727089,264.1984707236122,195.79042557119993,84.4589297154587,0.0,807.4638184516369,40.62931815379174,4.7019192305506525,13.141351246915669,0.0,0.53890847965178,27.00184716073571,0.7762705079377668,0.0,1.4530986844014233,0.28866666394670676,0.0,0.06207872756403324,0.0,0.0,740.8796517659971
6.571428571428571,8935.249589763676,276.0224178011822,205.22436310071956,88.82488648511995,0.0,741.8111331900014,42.185585297945984,4.889734008694619,13.711496311433098,0.0,0.6326121093537866,28.26335623285244,0.8555836265524959,0.0,1.5715554055857908,0.3342209839369732,0.0,0.07394129786786902,0.0,0.0,779.0007532774972
6.714285714285714,8220.325185847258,288.6062180268243,215.32322135793643,93.26524548845816,0.0,678.1859650005706,43.858329497038646,5.0916198326948425,14.281611388231193,0.0,0.7457195283867619,29.513911524643056,0.9479702443948779,0.0,1.692805204146644,0.3907553426608938,0.0,0.08762996216260319,0.0,0.0,821.4601174839322
6.857142857142857,7564.522610230451,300.7664459594979,225.2229002773671,97.77356595101685,0.0,616.9252193447433,45.49903024112975,5.286713856205391,14.855220702077762,0.0,0.8768417801570723,30.799914993331743,1.0409515645036036,0.0,1.828258761789603,0.4585969906922893,0.0,0.10417717192892445,0.0,0.0,868.9162700910418
7.0,6961.7779784821705,313.5722788228893,236.19530403358283,102.28303001732615,0.0,560.9125635092735,47.11290710587065,5.472453943956415,15.460177513743966,0.0,1.0283488794331896,32.22861895413057,1.1532563443662514,0.0,1.9752431688373806,0.5343033156655175,0.0,0.12263623957835687,0.0,0.0,916.4596486175024
7.142857142857143,6384.480581474331,326.4543954132029,247.42388617270174,107.40361696303123,0.0,508.43128133816657,48.302817165693114,5.648771506318873,16.100238130942675,0.0,1.1895414478455386,33.644139933764436,1.292249702912998,0.0,2.140598230036459,0.6229157144797248,0.0,0.14515150765580193,0.0,0.0,964.729753375792
7.285714285714286,5872.88631040206,339.11931389214317,258.4139914936528,112.85849709644496,0.0,459.42719385527647,49.52689573250032,5.814505512479116,16.68014632725716,0.0,1.383670876438024,35.01781087363287,1.4499563939758677,0.0,2.298647656926754,0.7259359729864971,0.0,0.17132702709569664,0.0,0.0,1013.9756748197385
7.428571428571429,5398.423133894447,351.3760455400831,270.2244105223335,118.37996653735354,0.0,414.4054441631321,50.56726357552604,5.943170666893213,17.112818858873048,0.0,1.6001915949007834,36.36261284762185,1.616944764411768,0.0,2.5365788757457404,0.8430132854607906,0.0,0.20198033548270977,0.0,0.0,1064.430763400157
7.571428571428571,4940.550329012578,363.0670229576601,281.1182046748636,123.9506036700064,0.0,373.4806305646688,51.231921583113824,6.051720939015555,17.57745619557226,0.0,1.8596639059325657,37.7129226703243,1.8032562482765055,0.0,2.7584094924813685,0.9812225627120901,0.0,0.2375308706716288,0.0,0.0,1116.9375322942856
7.714285714285714,4518.031654232673,376.74887596235527,293.01022140030585,129.66472455703615,0.0,333.14942019534953,51.729729300107046,6.1486598015062075,18.138846659386132,0.0,2.14267140879692,39.16046267490579,2.0214933920098512,0.0,2.968804365099707,1.1461403006031066,0.0,0.2789055823769798,0.0,0.0,1173.5552080751681
7.857142857142857,4101.540853486743,387.1215864769847,304.9147418768406,135.69421285376973,0.0,298.47256963763095,52.232688391955705,6.21376868307593,18.65793036488933,0.0,2.449805029631926,40.21185310697681,2.2637652737722282,0.0,3.237019746568916,1.3309514616767952,0.0,0.32769344320049576,0.0,0.0,1233.8127110046842
8.0,3724.1581585320555,397.5417235763209,315.54307712546745,141.84209258844012,0.0,265.56758755416047,52.693364419745066,6.275748398580713,19.122212098110477,0.0,2.8016379600891463,41.07164748431288,2.513306756163667,0.0,3.5278680929952735,1.5506798011079512,0.0,0.38425754265148737,0.0,0.0,1296.6289178201082
8.142857142857142,3357.873826611725,405.6434354922956,326.7648020251228,148.02214907455743,0.0,234.51878043771325,52.323981821245525,6.349466216937429,19.482355348224043,0.0,3.1692318000115707,42.20036045502627,2.7923865701942496,0.0,3.8415192949892223,1.797671169373114,0.0,0.45009227355439746,0.0,0.0,1357.4304120730824
8.285714285714286,3010.339013339725,413.79961538814484,337.24247433243204,154.31451400579635,0.0,204.34733018662803,51.77757943663862,6.290135566079915,19.750492409478802,0.0,3.5385909327589413,43.36437570467727,3.108297515112458,0.0,4.193153691444731,2.0705332236238068,0.0,0.5245561019138237,0.0,0.0,1419.536350321844
8.428571428571429,2705.9038591230506,421.05904186207204,349.8793549310129,160.441457805998,0.0,178.03211879587684,50.62960320657854,6.249388246175173,20.066984925671914,0.0,3.9276459551907403,43.86116723080329,3.458910069845798,0.0,4.53228342165375,2.3705870954724886,0.0,0.60765448124397,0.0,0.0,1481.9832201446275
8.571428571428571,2420.676954473752,427.8031684500584,358.7911962167766,166.86025091380668,0.0,155.11208354202773,49.47288344976958,6.102795002416641,20.144368197751128,0.0,4.308899063680595,44.373389426412565,3.8215453401719257,0.0,4.907829772190492,2.726895189750582,0.0,0.7035485184009472,0.0,0.0,1550.2284208006033
8.714285714285714,2144.2018750963853,430.8172802579347,369.1061853614963,173.4460718269491,0.0,132.8929841571815,47.61738291067725,6.016419965971892,20.10704859461778,0.0,4.731102443476016,44.803021032768044,4.209746415360536,0.0,5.3336501088908665,3.1002139014979977,0.0,0.8105409770053232,0.0,0.0,1623.261266214298
8.857142857142858,1916.278589106346,429.69829642630947,377.62758863787417,179.81148241818602,0.0,114.02947025724384,45.65519957772697,5.8647542336978,20.06234796152399,0.0,5.1187883809135934,44.59313006198127,4.653162848840087,0.0,5.761990014369717,3.5249110406506654,0.0,0.9403592734951427,0.0,0.0,1683.9075019769402
9.0,1692.3220623489478,428.90051682976343,386.0852772572846,186.25202667656544,0.0,96.44881227512985,43.71351961284065,5.6638800225938075,19.77103645645832,0.0,5.4647903697925795,44.20763265649212,5.093746178396605,0.0,6.221780117075021,3.984656462932697,0.0,1.0794543712264462,0.0,0.0,1748.122608227195
9.142857142857142,1487.3702351135498,426.95302172529733,393.7295925662612,192.2486135074438,0.0,80.88620586625554,41.24414693999846,5.398845901784748,19.361455580433184,0.0,5.782472053086421,44.11016575677323,5.477522947242228,0.0,6.646477338656847,4.489259046903287,0.0,1.2362155899323866,0.0,0.0,1815.8043983395692
9.285714285714286,1300.725106741969,421.7626066095928,398.6204187526042,198.2188221245076,0.0,67.33929043306595,38.32299470206165,5.150028502783092,18.940912873504814,0.0,6.000439061186971,43.55095313817776,5.885971340462882,0.0,7.095376465859902,5.025780543847895,0.0,1.4005546397552022,0.0,0.0,1879.628774710253
9.428571428571429,1132.9224614577604,411.4972551863705,402.2982070758107,203.5589074288323,0.0,54.966690186944575,35.44790981871877,4.8095954869014115,18.322825679384948,0.0,6.207508150624254,42.43287506452519,6.289943419651355,0.0,7.582531836444003,5.605069618631816,0.0,1.6130718396931594,0.0,0.0,1943.7127377758784
9.571428571428571,984.51064631378,400.35436410259837,404.46866508937467,207.74713459350264,0.0,45.007424606798764,32.642592047746064,4.448984249530572,17.839083760569473,0.0,6.360098260478862,41.492625522587474,6.688070533363408,0.0,8.009824470720426,6.213665665800098,0.0,1.8523498967933136,0.0,0.0,2007.787024171817
9.714285714285714,853.6209404095262,392.5881463583814,404.42686701095886,213.2432557903012,0.0,35.978107381292354,29.389345346976622,4.0930706557384475,17.078987807110053,0.0,6.354827886870997,40.04255352732344,7.088675484728027,0.0,8.46755001200405,6.882971038627868,0.0,2.0999758254162733,0.0,0.0,2068.0581105714828
9.857142857142858,735.4063185858582,375.3496780480426,403.3970713030268,217.7933741667133,0.0,28.78378038531033,26.48373535123579,3.7580307675005757,16.204010273657286,0.0,6.252457082993212,38.770382158166875,7.50469774891844,0.0,8.840259291656963,7.504275540703203,0.0,2.3605020284774936,0.0,0.0,2123.66765909025
10.0,625.3384312421472,359.44691360060943,401.14113454821097,221.86747354558707,0.0,22.731115130064218,23.25065154050516,3.4388106552484503,15.227729238730321,0.0,6.166440175915534,37.14306047756236,7.817564213868387,0.0,9.197286575986361,8.121605883616994,0.0,2.6260105368353486,0.0,0.0,2172.1618870426587
10.142857142857142,531.9044011424681,343.4512707104013,396.9114052373847,225.47860603450778,0.0,17.72523245105306,20.22913863063965,3.0605188475172995,14.194950021712826,0.0,5.909141077114892,35.14207477185333,8.140264569986781,0.0,9.502748731022255,8.820847612883433,0.0,2.9073087337780303,0.0,0.0,2217.1957701417396
10.285714285714286,452.7864151080883,326.85927003199737,389.2411513823448,228.31762628325157,0.0,13.74140338233865,17.511510122713844,2.6914539464796965,13.003793696959445,0.0,5.71171629015309,33.12222031503059,8.313184624030828,0.0,9.747955686391164,9.38144160649437,0.0,3.2135374278611613,0.0,0.0,2265.901524311981
10.428571428571429,380.6683444499896,306.0446277209044,382.0460922540485,230.01750237215066,0.0,10.588907833753582,14.933782126245742,2.3719581746149445,11.879788197278948,0.0,5.389680702235109,30.990913987396407,8.547479313776371,0.0,9.972946108966909,9.830310160816962,0.0,3.5298649843444116,0.0,0.0,2310.698862147902
10.571428571428571,318.8788414343802,287.1345759484259,371.52209059687345,231.61871608961587,0.0,8.11842025298192,12.563527330699031,2.089093221166181,10.766441122709903,0.0,5.023421316767992,28.465173610911595,8.626556903071688,0.0,10.079079121534603,10.415857125289849,0.0,3.8782341825897992,0.0,0.0,2346.50457757234
10.714285714285714,266.0448227799795,266.26154300586717,359.79852366816704,232.01256703196285,0.0,6.045813564607325,10.471178437323951,1.7811037632517972,9.767226362220763,0.0,4.548397119914057,25.959616469913996,8.549674218369642,0.0,10.213153103005428,10.905089121970187,0.0,4.236015095925327,0.0,0.0,2390.506754189082
10.857142857142858,218.83466095721053,244.29322977715844,347.5108321253166,233.62283108522354,0.0,4.454021911763593,8.653559165936759,1.5394352501428719,8.618491260846366,0.0,4.127358677990253,23.700620044577697,8.396814829686633,0.0,10.116890759801077,11.345161464677,0.0,4.639910212368964,0.0,0.0,2439.758434612082
11.0,180.3865731211405,221.06249395831412,331.9374993153481,233.22273307758525,0.0,3.2312514240090375,6.991031279774535,1.2934013264354847,7.74513067527926,0.0,3.7042176332951193,21.354070092218564,8.293397553746178,0.0,10.12023939284586,11.643313748988927,0.0,4.974532805763752,0.0,0.0,2486.081446313019
11.142857142857142,146.553235338479,201.49147676147697,318.01992644387326,232.2254371522015,0.0,2.3459543488871812,5.498377971312259,1.0797188869938505,6.824378030506203,0.0,3.312717598185198,19.436838962324032,8.109835005842706,0.0,9.827651753874708,11.90116873596377,0.0,5.319387185036323,0.0,0.0,2519.332441369904
11.285714285714286,120.3422724705328,181.97041480112546,304.28381101390164,231.87824583286553,0.0,1.6880347239857385,4.394824029058825,0.9073026519333243,5.957508254084429,0.0,2.903754631475226,17.3006738980258,7.806056983216049,0.0,9.585332437709905,12.021603098309317,0.0,5.661355861965442,0.0,0.0,2560.056613689297
11.428571428571429,97.38995103636313,162.74547162973437,290.01052347648624,229.78723945755064,0.0,1.2131890041176632,3.451508779926858,0.7476014366829926,5.221035038971086,0.0,2.506309549052303,15.329182483946676,7.414711848288829,0.0,9.190864068399033,12.090496550624888,0.0,5.943929917196114,0.0,0.0,2586.1628402456126
11.571428571428571,78.90332980723639,142.29458170352234,275.75809770782405,226.69735397757728,0.0,0.8581305122262736,2.6924993971546964,0.618600907072338,4.558053678226994,0.0,2.1532168617086698,13.402746598500897,7.074391813160606,0.0,8.711309201448774,12.058027188055505,0.0,6.249376478642966,0.0,0.0,2616.0281944366416
11.714285714285714,63.79477299774427,125.4601701499343,260.2980342692711,222.5440015424376,0.0,0.6053467380017075,2.0480630808535794,0.4991010059261264,3.925020034123144,0.0,1.8510467613950046,11.840809589538171,6.666338438154188,0.0,8.390520134270314,11.939141589316932,0.0,6.57843039181286,0.0,0.0,2629.883088172817
11.857142857142858,51.82507533915225,110.8403431879683,242.82746264186082,218.95800442586815,0.0,0.431430339385905,1.580955841352159,0.3938591445881372,3.4340700361893197,0.0,1.5361623440869134,10.252511772694131,6.288548621881905,0.0,7.970220869886138,11.826779901037531,0.0,6.795453199816457,0.0,0.0,2646.000667031087
12.0,42.20820471680841,97.4091391868712,230.11947972379164,214.5071970560844,0.0,0.30895083800877765,1.2117864663189377,0.31596298650666765,2.9536077001076837,0.0,1.2960383648621252,8.845003907011282,5.853302998682201,0.0,7.403959793957772,11.664886472344772,0.0,6.961315259049437,0.0,0.0,2656.812621103287
12.142857142857142,34.29434893761075,85.099615684493,214.17844424818907,208.81431157260232,0.0,0.22733444708840453,0.9207044726106128,0.2534233333374962,2.5104630247278723,0.0,1.0659296632096291,7.532935715334606,5.319571397566153,0.0,6.879815913446846,11.421861853255088,0.0,7.117886629186307,0.0,0.0,2670.9799390009075
12.285714285714286,27.64291060622811,73.17889874948659,197.88757961705,204.2810239012761,0.0,0.16242507677192547,0.697244210109893,0.20335417127934893,2.16058298856887,0.0,0.8736780485886771,6.374906659629337,4.832817218196513,0.0,6.460359508160632,11.149568435954043,0.0,7.350566976404461,0.0,0.0,2679.537612207501
12.428571428571429,22.629480662688465,63.81215561925549,184.30019689646392,197.72099862070985,0.0,0.1145707528235512,0.5404918591577805,0.16092070982003892,1.8430510467483578,0.0,0.7191894404669394,5.361851971172018,4.411362908229662,0.0,6.036842327246294,10.857851710886713,0.0,7.500963190776592,0.0,0.0,2687.4258300742977
12.571428571428571,18.570632911383086,54.96140351095873,171.31276832168533,192.95624436929643,0.0,0.08076653468184537,0.40217356739853566,0.12678590077805732,1.572819653052811,0.0,0.5788405971149654,4.545210288419293,3.9388958940005563,0.0,5.513888958946138,10.52532565471295,0.0,7.572684698557447,0.0,0.0,2697.421584396742
12.714285714285714,15.341014641506355,47.07650961613487,158.1481704726128,186.08816920773234,0.0,0.05625099349718378,0.30290953311762503,0.09818163532519798,1.3454935444640728,0.0,0.46627162135578054,3.8473435246887338,3.5001804629634665,0.0,5.039064079261134,10.104789155499846,0.0,7.615541353395336,0.0,0.0,2705.6438579026576
12.857142857142858,12.61115426972582,40.44546202195062,144.15105798719756,180.50467349199414,0.0,0.04043098134943497,0.22754709921421384,0.07790588940569694,1.1381017505754127,0.0,0.3713086565672931,3.235363043463421,3.1393616676992337,0.0,4.596684888315513,9.683378106871515,0.0,7.666368414358825,0.0,0.0,2712.0153329230316
13.0,10.291188037830516,34.48626103362295,132.02964920745674,173.79983591255956,0.0,0.029105838147567537,0.16925399417912831,0.06047578295815019,0.9619693711647961,0.0,0.2946457953472048,2.708976893513399,2.8003318938262094,0.0,4.160984906070098,9.139316045254613,0.0,7.675667275669129,0.0,0.0,2719.3662637989382
13.142857142857142,8.44128125538112,29.415081743007423,121.39143043497805,166.63459791789688,0.0,0.02146969202063049,0.1303484758801027,0.047299764976179715,0.8240470514224512,0.0,0.22909901356634646,2.266825710903616,2.4751955116347744,0.0,3.747618209877367,8.713462054157114,0.0,7.648754889878493,0.0,0.0,2725.6940222309568
13.285714285714286,6.9980200309953915,25.24579575217513,110.59277342186759,160.15634515566603,0.0,0.01592397513264315,0.09886747185652833,0.036759960426853505,0.7099729200927792,0.0,0.17874877400532527,1.8824300499975268,2.187512092728304,0.0,3.347092554472181,8.195697120862738,0.0,7.503141359636816,0.0,0.0,2746.505745915094
13.428571428571429,5.7941822705847255,21.662824516399017,100.58275493383658,153.23618135678856,0.0,0.012354952038011669,0.07585493529984597,0.02951885028840018,0.613850390118466,0.0,0.1401401409001246,1.5724670868502022,1.92551130168121,0.0,3.0267647162316518,7.7095666211225105,0.0,7.3976261665868295,0.0,0.0,2755.1972157720056
13.571428571428571,4.814783798779081,18.50092692705552,91.35153090308735,146.24747150987446,0.0,0.009356757365986002,0.05618742922454589,0.023052075477394532,0.5284946640889655,0.0,0.10987370246620862,1.315277237524366,1.6832829193106353,0.0,2.7202613254917907,7.19484947813686,0.0,7.274265431919567,0.0,0.0,2758.909969875832
13.714285714285714,4.1127819769298934,15.684656442431617,83.16948109952813,139.76461514161352,0.0,0.0069878706795821355,0.04254584829736849,0.01814093016894121,0.45472761074627777,0.0,0.08525201409629536,1.0924213279367732,1.4758813242942654,0.0,2.4397649357587263,6.785676201224669,0.0,7.124510938784589,0.0,0.0,2761.286737366083
13.857142857142858,3.4431660144078426,13.181046603051401,75.50855052565409,133.60077270385597,0.0,0.005226087142055147,0.03286568094418502,0.014231567502673525,0.3921125864550114,0.0,0.0658031653361766,0.9018769823338375,1.2831237577772394,0.0,2.1615075790624614,6.295178049270553,0.0,6.952730467901693,0.0,0.0,2780.0511553629285
14.0,2.895275921654051,11.167793301580831,68.27834890229133,126.79887227983257,0.0,0.0041474424827629645,0.02478217948611309,0.011314632973534024,0.3414594505179882,0.0,0.051456975886713316,0.7421963531655864,1.1150875727451437,0.0,1.9312312255593524,5.898790531928428,0.0,6.734843786356627,0.0,0.0,2781.277143200491
14.142857142857142,2.4920611515222864,9.482112613252704,61.796253161449194,120.36163048897463,0.0,0.0031269350745291857,0.019612064561055163,0.008899376357728684,0.2870593314001638,0.0,0.03935213151426993,0.6085402573906689,0.9705570415183895,0.0,1.7037874378309232,5.502611508882345,0.0,6.5543516798216235,0.0,0.0,2782.309889111214
14.285714285714286,2.1305245050719988,7.968084536039276,55.91836793504719,114.11015250497158,0.0,0.0024148367051786543,0.015326323067346534,0.007213706585946591,0.248792825597441,0.0,0.030509566696999578,0.5028069324381649,0.8447856996533865,0.0,1.5003011548626337,5.146990772201622,0.0,6.456008487887255,0.0,0.0,2783.1787168973747
14.428571428571429,1.8154929725524376,6.721052217187678,50.60450324089543,107.8070989464104,0.0,0.0018682199271218003,0.01178097997739247,0.005789762998503823,0.21647119638168288,0.0,0.023518239850908427,0.41462235773929,0.7371785896704519,0.0,1.3051041563556476,4.765169766925691,0.0,6.275983203851599,0.0,0.0,2783.9086596327097
14.571428571428571,1.551547824578175,5.69127399089432,45.76441739532639,101.89862506567479,0.0,0.0014533525839217501,0.009131129458255928,0.004509485363295252,0.18783832113916105,0.0,0.018148988116497854,0.34196296807741416,0.6379011778253089,0.0,1.1508049529744682,4.386938973927628,0.0,6.010650693018543,0.0,0.0,2784.5215315394985
14.714285714285714,1.3395311376206778,4.808500310283396,41.1300208805569,96.1793356378983,0.0,0.0010992519347796101,0.0070824969408211855,0.0036000836250516593,0.16348719729571412,0.0,0.013715738793990306,0.27581706454392085,0.5468827475252407,0.0,1.0011130238385308,4.066255793259347,0.0,5.844893266745359,0.0,0.0,2785.036833410639
14.857142857142858,1.1544495251846425,4.039771116036739,37.00591899182767,90.84681989230904,0.0,0.0009017182695619606,0.00548547990780875,0.002911333376993744,0.1435053732593019,0.0,0.010470407201330224,0.2251039638388682,0.4669568074871382,0.0,0.8657742835496608,3.7038772730296676,0.0,5.628177019622601,0.0,0.0,2785.3807726415343
15.0,1.0104300165098539,3.407295203378613,33.29052959172386,85.98996072718495,0.0,0.0007321706732546897,0.004271619018315403,0.0024078776262416784,0.12616679969040612,0.0,0.008036955888818677,0.1842421645148161,0.39800132040645675,0.0,0.7517742238116403,3.394882325427238,0.0,5.390853321461596,0.0,0.0,2785.629840604661
15.142857142857142,0.8743214778452014,2.863317663378692,30.21342782069611,81.31745214735827,0.0,0.0005618046303140751,0.003362581188625381,0.001955562500535271,0.11119822139304408,0.0,0.006101797001594756,0.15143066476799935,0.3393112779548507,0.0,0.6549816020036713,3.1127791955240274,0.0,5.176381526132312,0.0,0.0,2785.836333189338
15.285714285714286,0.739713978685542,2.4106363720789523,27.069458988918324,76.75793420213058,0.0,0.00044394990620219067,0.0026162044740062327,0.001566509187281807,0.09900373904969145,0.0,0.004600924846009954,0.12508965702116065,0.29004917094927896,0.0,0.5705443041682903,2.856816872634109,0.0,4.967735907855296,0.0,0.0,2786.0079978427757
15.428571428571429,0.6497686597128339,2.041377358678626,24.410659829729873,72.65372746861831,0.0,0.0003784566323026833,0.002061421909705704,0.001272580361076129,0.0881383045827405,0.0,0.0034702198476634773,0.1027737831545205,0.24785418221089228,0.0,0.49065498482031555,2.6051122950372645,0.0,4.768498125184493,0.0,0.0,2786.150354421457
15.571428571428571,0.5687901245675291,1.729054181920909,21.994266996056282,68.40904060355342,0.0,0.0003095694127921852,0.0016195741604201454,0.0010425777669962298,0.07858341386463275,0.0,0.002638736890292078,0.08541320266834317,0.21280281289263778,0.0,0.4211891480904181,2.352513522881053,0.0,4.519491278595739,0.0,0.0,2786.2684295240883
15.714285714285714,0.48782190010828064,1.460715107235109,19.79036439377972,64.301377564864,0.0,0.00024652386074739254,0.0012545401069632548,0.0008374899630333519,0.07000646317544426,0.0,0.0020257843823246495,0.06950258572540718,0.18174977038585433,0.0,0.36118028570093097,2.135992687395593,0.0,4.329129119120088,0.0,0.0,2786.3663681238563
15.857142857142858,0.4286633456282621,1.2340456038449492,17.81688814957919,60.38990162603636,0.0,0.00019905883543230822,0.000996121615641829,0.0006865999309777306,0.06274668984580856,0.0,0.0015506542441878642,0.05662981096018631,0.15415828117322825,0.0,0.31103025742202606,1.9438319121889132,0.0,4.085997492698339,0.0,0.0,2786.4478115589227
16.0,0.3770980877870672,1.0357073120009885,16.064254820932582,57.02919948111729,0.0,0.00016918573208783507,0.0008017386679843936,0.00057282125833197,0.05589998198502226,0.0,0.0011806974854496714,0.045763652136307065,0.13156017160422004,0.0,0.267454384071194,1.7815249770914825,0.0,3.866667218805536,0.0,0.0,2786.515445203662
16.142857142857142,0.3371758568715478,0.8735623432957269,14.445148517697895,53.62113559368777,0.0,0.0001406626385205872,0.0006535898248417123,0.00047594840290924624,0.04942126065623194,0.0,0.0009008042131202637,0.03721324029684217,0.11302299856475422,0.0,0.22862888542114232,1.6177005537457432,0.0,3.665868044156051,0.0,0.0,2786.5715500265105
16.285714285714285,0.30196948578039073,0.7358057999207583,12.996735172823776,50.10083107207761,0.0,0.00011610231275429017,0.0005275825191625773,0.0003943776293995969,0.04395541974796274,0.0,0.0006907740592806166,0.030191036663504582,0.09605536483926617,0.0,0.19438894051087793,1.4608811549436507,0.0,3.481364123911697,0.0,0.0,2786.618153190322
16.428571428571427,0.26247984890517784,0.6206602217465198,11.664700828992345,46.899898917819,0.0,9.315720687037973e-5,0.00042880602033576215,0.00032729322627851663,0.03915095725675935,0.0,0.0005202625158022645,0.024666963572804523,0.08137649694819983,0.0,0.1665772810572756,1.3163282713549815,0.0,3.3435065952959957,0.0,0.0,2789.7785616407605
16.571428571428573,0.23520152519555915,0.5218786647318865,10.414142702872944,43.929539779186186,0.0,7.629286046775486e-5,0.00034950036867456384,0.00026973648389498335,0.03521660819410895,0.0,0.0003966982683728892,0.019980534658034916,0.06922476065768976,0.0,0.14206690513160447,1.2013229880040415,0.0,3.1775383505938315,0.0,0.0,2789.8177784664113
16.714285714285715,0.21159214508822688,0.4387030820218829,9.323152690713487,41.238481935680085,0.0,6.279143801696976e-5,0.000277865591172575,0.00022672968195655774,0.03167204059732369,0.0,0.00030726091659245743,0.01627000445827445,0.058955288849137095,0.0,0.12002876689784042,1.0856700775476857,0.0,2.9999375349382587,0.0,0.0,2789.850269759538
16.857142857142858,0.19001725852693785,0.3697870906239089,8.29523386249204,39.000133733290056,0.0,5.225835022037829e-5,0.0002258714853787178,0.0001900381157088156,0.02870313088289661,0.0,0.0002328586874918382,0.013331763577971436,0.04991981862945857,0.0,0.1027922168063459,0.9925677151903003,0.0,2.829045053015994,0.0,0.0,2789.8772132491986
17.0,0.17005859778468205,0.312344909873154,7.386470972613881,36.607060315562535,0.0,4.408585927489306e-5,0.00017972559267220202,0.00015967557672477695,0.025744486505703507,0.0,0.00017769874576644014,0.010886071165500225,0.042270218107143064,0.0,0.08812767250559009,0.8961750800969096,0.0,2.6653988370990924,0.0,0.0,2789.89953674507
17.142857142857142,0.15257684855937187,0.2633500291510011,6.5594151756876995,34.24805508920215,0.0,3.7901306310854064e-5,0.00014387721631438412,0.00013186829293599417,0.023365195808940052,0.0,0.00013546035035789288,0.008906480211785434,0.035913203866351384,0.0,0.07466984994223505,0.801326544911583,0.0,2.5050164273755966,0.0,0.0,2789.9180324932877
17.285714285714285,0.13818053651224266,0.22129927562196333,5.797176633440685,32.00564689291273,0.0,3.2183558874236664e-5,0.00011801634276384238,0.0001113463430070324,0.02115997542980793,0.0,0.00010465346906027855,0.007315019139197073,0.030601665018480346,0.0,0.06328803723154605,0.7287488395237642,0.0,2.358931745644317,0.0,0.0,2789.9333773868934
17.428571428571427,0.1245551285736964,0.18700735307298968,5.162053080354253,29.89868597443585,0.0,2.7992574984961135e-5,9.610584451757775e-5,9.334985396514186e-5,0.019316748949180798,0.0,8.029615766226152e-5,0.005987912048161973,0.02589864638455168,0.0,0.054025653851384345,0.6559142168456485,0.0,2.2155190697876375,0.0,0.0,2789.946093363611
17.571428571428573,0.1111539188839267,0.15781376348636555,4.627815101968023,27.92047296946464,0.0,2.438126484821797e-5,7.604416487773152e-5,7.867874936797073e-5,0.017447198248380237,0.0,6.150934893197786e-5,0.004940987693615423,0.02200063023715594,0.0,0.046120249043935975,0.5928266261625038,0.0,2.071146206133442,0.0,0.0,2789.956629974288
17.714285714285715,0.09943313564408024,0.13293487864740217,4.108120135788894,26.06443563224157,0.0,2.124280448000394e-5,6.198897881842691e-5,6.626688947843027e-5,0.015725823986888363,0.0,4.7442489943780856e-5,0.004002687104218173,0.018584314993934516,0.0,0.03903135731421501,0.5377737776826627,0.0,1.9511087574333952,0.0,0.0,2789.965375039368
17.857142857142858,0.08841405505005306,0.1127505283625146,3.6554855811447586,24.335023090576506,0.0,1.8335664332772495e-5,5.069326729509545e-5,5.5689581426226096e-5,0.01410793130309948,0.0,3.640440509183599e-5,0.0032823053958050685,0.015748259058257955,0.0,0.033477189848522784,0.4835748547130376,0.0,1.848863847131701,0.0,0.0,2789.972625244892
18.0,0.0794089497369807,0.09498920139106012,3.264103826628606,22.83729208020766,0.0,1.6355100328313476e-5,4.1468690104619287e-5,4.73411854632659e-5,0.012697798473672507,0.0,2.7707763552475022e-5,0.0026761778936697455,0.013276952130477401,0.0,0.028680672966803725,0.43728486995984056,0.0,1.7374196760801577,0.0,0.0,2789.978633108136
18.142857142857142,0.07057437346707617,0.08008164507982801,2.894245250720937,21.28592406431855,0.0,1.4230848611935206e-5,3.377542051388598e-5,3.980640371745277e-5,0.011444573560741723,0.0,2.1003923146959437e-5,0.0022204725431079096,0.01126910838765769,0.0,0.024431202787053775,0.4012246364962597,0.0,1.6253543242590007,0.0,0.0,2789.983621371938
18.285714285714285,0.06358868355029057,0.06761296747415405,2.5617652914903735,19.910781314828476,0.0,1.2484199033406585e-5,2.7482687484137522e-5,3.309071202532238e-5,0.010352200236477852,0.0,1.5991796425525508e-5,0.001841908577913673,0.009583652930549354,0.0,0.020787143603752542,0.36240613887610784,0.0,1.5297310761017848,0.0,0.0,2789.9877597801114
18.428571428571427,0.05734820553144815,0.0571179690573506,2.2893378876384745,18.57961421172721,0.0,1.1198527686707723e-5,2.2609654259946723e-5,2.8157877095527204e-5,0.00941971309078816,0.0,1.2284255820109321e-5,0.0015138286852749852,0.008184047898084714,0.0,0.017607144594305228,0.32653786243550165,0.0,1.440346995179757,0.0,0.0,2789.9911902085587
18.571428571428573,0.05211529177360953,0.0483302193499785,2.060768337452947,17.366609618496053,0.0,9.86263259273059e-6,1.878154505872966e-5,2.419406897655005e-5,0.008626417462811254,0.0,9.324380261719385e-6,0.0012671264446709172,0.0069478288061298465,0.0,0.014919469353938284,0.29172805602969937,0.0,1.3534563042696095,0.0,0.0,2789.994036648486
18.714285714285715,0.047150069083510035,0.04073742816582474,1.8262422881939497,16.17899381617226,0.0,8.644770840902831e-6,1.5743519680235858e-5,2.0657009240487247e-5,0.007883176562425667,0.0,7.2258913496016e-6,0.0010566076445696077,0.00591186560646865,0.0,0.012764124199887456,0.2604210811169114,0.0,1.2624150907964786,0.0,0.0,2789.9964025343343
18.857142857142858,0.042765963392394815,0.034263548118216705,1.619674009139561,15.070992709060883,0.0,7.747693287343433e-6,1.320262452465556e-5,1.734630035460108e-5,0.007188007273602507,0.0,5.551535037035272e-6,0.000886751205747641,0.0049792028254439374,0.0,0.010924510127870012,0.23360967531951304,0.0,1.1774255800222402,0.0,0.0,2789.9983645000784
19.0,0.03854979937548859,0.02903123694806543,1.4364793144609669,14.072979504241527,0.0,6.962482900482036e-6,1.1060337362260888e-5,1.4741718455590414e-5,0.006596591758540549,0.0,4.2500697374129014e-6,0.0007386627136779227,0.004206981183930142,0.0,0.009329305951800575,0.2100272913642402,0.0,1.1098153789833027,0.0,0.0,2789.9999915348176
19.142857142857142,0.035365780995163,0.02459853650432559,1.2741482755839049,13.106145431984483,0.0,6.270051009711049e-6,9.286678444242215e-6,1.261405702559733e-5,0.006048698666610573,0.0,3.2579964258007003e-6,0.000618478417897727,0.0035687285408300567,0.0,0.008011303652804998,0.1862143778249172,0.0,1.0546588430834865,0.0,0.0,2790.0013446438284
19.285714285714285,0.03246838315355099,0.020828418436052105,1.1319440816976947,12.331560194382922,0.0,5.714996797123285e-6,7.800725572121523e-6,1.0822406842154132e-5,0.005538426116889729,0.0,2.48503743817567e-6,0.0005154877857842779,0.003035941783855633,0.0,0.006874345142279462,0.16640953612212805,0.0,0.986011175442719,0.0,0.0,2790.0024680172387
19.428571428571427,0.029827435309032636,0.017606117697125452,1.0103091838228213,11.7671895109882,0.0,5.199714997104493e-6,6.53928726439571e-6,9.262426769232753e-6,0.005075574095783393,0.0,1.9210247374296894e-6,0.00042507598939798565,0.0025834780927558353,0.0,0.005865222640307428,0.1501768138977528,0.0,0.9259898112574627,0.0,0.0,2790.003400077443
19.571428571428573,0.02741749196785442,0.014868219387693865,0.9017024938338918,11.067857251315022,0.0,4.722859801174508e-6,5.486526267155013e-6,8.068033751052911e-6,0.00464240492966397,0.0,1.503163945673613e-6,0.00035593568997812486,0.0021968336880149953,0.0,0.004961372352235101,0.13363349975736527,0.0,0.868475391539667,0.0,0.0,2790.004173942054
19.714285714285715,0.025032234060874684,0.012563611983139397,0.7990953046311755,10.298672592022347,0.0,4.105079075410395e-6,4.610607186395967e-6,6.868189868502087e-6,0.004248656822333677,0.0,1.156771001273322e-6,0.00029742386516906736,0.001865715427943477,0.0,0.004182764210230118,0.11938664793105833,0.0,0.8124454011397244,0.0,0.0,2790.0048183217154
19.857142857142858,0.02306591310273829,0.010635064529955704,0.7097565480270253,9.579985390281237,0.0,3.7503509649106855e-6,3.899531993924837e-6,5.666499431112727e-6,0.003890484459184125,0.0,8.963771188263169e-7,0.000248911916032906,0.0015771773263027324,0.0,0.0034980980956828937,0.10597377161789309,0.0,0.7597827883442256,0.0,0.0,2790.0053534526223
20.0,0.021216176773994788,0.008990178182660591,0.6317777690831484,8.910957172056815,0.0,3.41736773734698e-6,3.264705330760895e-6,4.785151808851731e-6,0.0035645193785550124,0.0,7.010923885119625e-7,0.0002035436347514652,0.0013344025383911161,0.0,0.0029427619161351525,0.09510843817938647,0.0,0.7085597865465321,0.0,0.0,2790.0057974551173
20.142857142857142,0.019522748105053743,0.007619290696859418,0.5622632446505166,8.28806079300273,0.0,3.1383772465727977e-6,2.7051070641864217e-6,4.141637841939508e-6,0.0032470896763756064,0.0,5.48124043868826e-7,0.0001685444975579228,0.0011375561752051942,0.0,0.002493984203076775,0.08474835567638442,0.0,0.6610404107861707,0.0,0.0,2790.006166550772
20.285714285714285,0.017895437700680757,0.006472061477679087,0.4983854117599894,7.719620088240903,0.0,2.8755379195365723e-6,2.2712326427893614e-6,3.5947554122755465e-6,0.0029872360427589265,0.0,4.199345143362375e-7,0.00014176729798653703,0.0009642556252856648,0.0,0.002092164459954321,0.07565986466879096,0.0,0.616110852309991,0.0,0.0,2790.0064742168624
20.428571428571427,0.016387092426604577,0.005485815890600671,0.4411994807789388,7.20134604338649,0.0,2.625553105454741e-6,1.9119872956830294e-6,3.1037322350840695e-6,0.0027533456382251133,0.0,3.250138281027665e-7,0.00011995995349933702,0.0008186671124619559,0.0,0.0017587026254139854,0.06799459873245178,0.0,0.5741333145111245,0.0,0.0,2790.006729845779
20.571428571428573,0.015015257768996202,0.004668076893793654,0.39355555976718926,6.707764747482939,0.0,2.348273156280436e-6,1.6119354769891963e-6,2.657163981733774e-6,0.0025384331022376273,0.0,2.5232961002207437e-7,0.00010198528441047496,0.0006985099431033634,0.0,0.0014934672255133832,0.06116109775923709,0.0,0.5360229575413952,0.0,0.0,2790.006942017948
20.714285714285715,0.013766649469091338,0.003962637135209121,0.3510701760909091,6.241298282139031,0.0,2.119508606062749e-6,1.3615877067731885e-6,2.258376636623364e-6,0.0023409809232093153,0.0,1.9568672347280495e-7,8.594295005191589e-5,0.0005955130272653085,0.0,0.0012682163119236093,0.0546018408184091,0.0,0.49936980814676,0.0,0.0,2790.0071185156253
20.857142857142858,0.012628625364690262,0.003366648923523884,0.3139973128923143,5.806956205850707,0.0,1.9264092436556057e-6,1.1457139084237388e-6,1.94552065907827e-6,0.0021594480090031936,0.0,1.5124614169919278e-7,7.245774326052398e-5,0.000505394012987177,0.0,0.0010813112746346717,0.048419341998374374,0.0,0.4647958673408303,0.0,0.0,2790.007265835661
21.0,0.011590521390460282,0.002858799735034082,0.27948855208782464,5.40249851716399,0.0,1.7606000728379616e-6,9.683294786195996e-7,1.6578143399309517e-6,0.0019925326671135085,0.0,1.1786098592240798e-7,6.134063276101427e-5,0.0004291315601675671,0.0,0.0009147376774349357,0.04350139850546085,0.0,0.4350410559782269,0.0,0.0,2790.007388359508
21.142857142857142,0.010643070230939205,0.0024228614236891143,0.24849964248274628,5.036593903916248,0.0,1.608932210755916e-6,8.186349003234506e-7,1.4233302461661597e-6,0.0018390021197461008,0.0,9.282798658789533e-8,5.0971984812501496e-5,0.0003645926860502492,0.0,0.0007749879392829017,0.0389032702698385,0.0,0.40657257441007005,0.0,0.0,2790.007490131051
21.285714285714285,0.00977797229935514,0.002050228475684381,0.22104847398955368,4.7138483117731065,0.0,1.4716107323688655e-6,6.926603847208714e-7,1.227909996936055e-6,0.0016980609246978985,0.0,7.258356598991477e-8,4.321567927853197e-5,0.00031009200397287464,0.0,0.0006550389922596654,0.03474438887678828,0.0,0.3786892145439351,0.0,0.0,2790.0075747268693
21.428571428571427,0.00900788583848847,0.0017275247839372964,0.19571364262927204,4.400390343657856,0.0,1.3470890755906956e-6,5.867499226456272e-7,1.0689997414416244e-6,0.0015687586245068524,0.0,5.6140475189065405e-8,3.607167561808798e-5,0.00026471087655489,0.0,0.0005516999163279993,0.030882816851285744,0.0,0.35234583993582963,0.0,0.0,2790.0076455088247
21.571428571428573,0.00826381445671379,0.0014603725497556773,0.1735857474183075,4.0948852235094115,0.0,1.2343130870270931e-6,4.9587516518291e-7,9.179355473335252e-7,0.0014471717326635667,0.0,4.3798058628483284e-8,3.0676161467418194e-5,0.00022683984135603,0.0,0.000469460593752659,0.027514691287320682,0.0,0.3286238493533629,0.0,0.0,2790.0077044277773
21.714285714285715,0.007601707204900394,0.0012355718607554224,0.1527591503281494,3.810367946812077,0.0,1.1325806795931355e-6,4.212494081074235e-7,7.920977411411741e-7,0.0013354573303996863,0.0,3.380409780273954e-8,2.61493135298727e-5,0.0001940426974205231,0.0,0.00039736997789413303,0.02458977582694009,0.0,0.30599935283314644,0.0,0.0,2790.0077534763923
21.857142857142858,0.006945483890587256,0.001051127929340882,0.13625785367479104,3.5454615278802657,0.0,1.0406111725278164e-6,3.570271440771649e-7,6.829721317005541e-7,0.0012292029794783602,0.0,2.639794490727942e-8,2.2236706375298838e-5,0.00016604753915833292,0.0,0.00033506258263504374,0.02185129094102952,0.0,0.2848785942736405,0.0,0.0,2790.007794216607
22.0,0.006399667488458162,0.0008952661543024102,0.1203951070264996,3.2988494951200447,0.0,9.566521236289952e-7,3.0282907424588826e-7,5.91537645080194e-7,0.0011229537516453838,0.0,2.0727996090996615e-8,1.889177567710729e-5,0.00014195254707285564,0.0,0.00028206757906247505,0.019281890513567254,0.0,0.2651093621470716,0.0,0.0,2790.007828210359
22.142857142857142,0.005898236609124911,0.0007649795122284154,0.10654128550854433,3.078344143512891,0.0,8.798671040990661e-7,2.5706849706688936e-7,5.047390077713526e-7,0.001026733917361882,0.0,1.6301930558423157e-8,1.5758870768973535e-5,0.00012126286678009024,0.0,0.00023860196196245567,0.01718023236781582,0.0,0.24646191691259214,0.0,0.0,2790.007856695869
22.285714285714285,0.005437347685932629,0.000658524929528508,0.09457430802338253,2.8681346414367797,0.0,8.093800251279395e-7,2.1834506555119603e-7,4.362667612751992e-7,0.0009467847913604769,0.0,1.2688159290302353e-8,1.3439527751366215e-5,0.00010309150140150708,0.0,0.00020392224670459468,0.01553895193909581,0.0,0.2291125121909849,0.0,0.0,2790.007880432133
22.428571428571427,0.005013781898919321,0.0005586194136757668,0.08365698460640203,2.6676600104033703,0.0,7.452195540410973e-7,1.8529690042018798e-7,3.807952519914229e-7,0.0008762200487284686,0.0,9.763059236174893e-9,1.1502530207814979e-5,8.76427289318211e-5,0.0,0.0001741166510795981,0.01396653370826867,0.0,0.21335965183689928,0.0,0.0,2790.0079001944073
22.571428571428573,0.004632182134998385,0.0004752281090389806,0.0734895513448347,2.484596871725792,0.0,6.867166203104707e-7,1.5734266297769114e-7,3.2898410707987446e-7,0.0008111783354017464,0.0,7.556938812723358e-9,9.578739963976671e-6,7.479911225378777e-5,0.0,0.00014707547442817381,0.01248225295168038,0.0,0.19876861855423372,0.0,0.0,2790.0079166293417
22.714285714285715,0.004300189843217563,0.00040530079193683055,0.06480482324269486,2.3241749826402085,0.0,6.327965892534002e-7,1.336993041849477e-7,2.870287853635955e-7,0.0007512316453171308,0.0,6.036480112204137e-9,8.173683135428802e-6,6.379263214460407e-5,0.0,0.00012382406657093298,0.011115734353863925,0.0,0.18585311158233023,0.0,0.0,2790.0079303835846
22.857142857142858,0.003993341219098829,0.00034691992820160537,0.057450629779006085,2.1701678010155403,0.0,5.786488929641822e-7,1.1322344659276267e-7,2.5105161070772867e-7,0.0006959419297888886,0.0,4.784841680677346e-9,6.854674193357341e-6,5.4345904931923675e-5,0.0,0.00010471079843613315,0.00985911079582473,0.0,0.1732035702094436,0.0,0.0,2790.0079419077497
23.0,0.0037094857447462137,0.00029779589183795164,0.05099183400713648,2.0219717546972875,0.0,5.335082135486928e-7,9.627370181849477e-8,2.1795155961011487e-7,0.000644938607269548,0.0,3.743646923190551e-9,5.85079472244443e-6,4.652319764090193e-5,0.0,8.862818786024595e-5,0.008686072317880187,0.0,0.16160684831715577,0.0,0.0,2790.0079515451625
23.142857142857142,0.0034468694453532915,0.00025363094520559253,0.045596844671606546,1.8835186457758297,0.0,4.920596841070372e-7,8.185415465009735e-8,1.8888638780656845e-7,0.000597433603258991,0.0,2.90624373927659e-9,5.010904831101273e-6,3.956500072780647e-5,0.0,7.498744440693572e-5,0.0077335625535758365,0.0,0.15191233393487596,0.0,0.0,2790.0079595761395
23.285714285714285,0.0032038348213921444,0.00021641046148037968,0.04049197917327302,1.7516901936542864,0.0,4.539170696605397e-7,6.964393843765552e-8,1.6549378867140205e-7,0.0005526829075002349,0.0,2.3294615262191182e-9,4.313862220678741e-6,3.359989119394717e-5,0.0,6.326041176913988e-5,0.006948620319736766,0.0,0.1419406863139805,0.0,0.0,2790.0079662648477
23.428571428571427,0.0029715745006095584,0.00018507296716215358,0.0360770293662377,1.6290755730224251,0.0,4.188140450745507e-7,5.930976806124636e-8,1.4096540661924277e-7,0.0005115765468045147,0.0,1.838974966416197e-9,3.71994651802371e-6,2.8657260677586386e-5,0.0,5.313978516471224e-5,0.006174656750041056,0.0,0.1320078796206921,0.0,0.0,2790.0079718633206
23.571428571428573,0.0027563481596408826,0.00015920950309699557,0.032141739083353084,1.515039379395013,0.0,3.8215861083997e-7,5.048978057139889e-8,1.2166363427349327e-7,0.00047379562216029556,0.0,1.4199971071965658e-9,3.1660150386121193e-6,2.442725985547228e-5,0.0,4.45454757085848e-5,0.00545615930876422,0.0,0.12365614536832409,0.0,0.0,2790.0079765793885
23.714285714285715,0.002557473016396093,0.00013644890495843128,0.02863863049879386,1.4089890532928953,0.0,3.416713161863139e-7,4.280054505453626e-8,1.0654809757674758e-7,0.0004388960531337998,0.0,1.1191733961482089e-9,2.6654614197790967e-6,2.0771508265247627e-5,0.0,3.777531612090548e-5,0.004869395015694776,0.0,0.11500710452117992,0.0,0.0,2790.007980512432
23.857142857142858,0.002377338870058634,0.0001166201563685633,0.02548766419994551,1.310332035236908,0.0,3.15767040428808e-7,3.579206745805387e-8,9.391039067897315e-8,0.00040665778248170806,0.0,8.834708590572678e-10,2.272749947367916e-6,1.7782516414448215e-5,0.0,3.209715016291498e-5,0.00433987882598577,0.0,0.10695887718687587,0.0,0.0,2790.007983807719
24.0,0.0022037792223428996,9.908142516624072e-5,0.022456168104949013,1.2195798266106688,0.0,2.9186820140419583e-7,3.000753788755011e-8,8.25357200684974e-8,0.00037686057061185835,0.0,6.801419097678553e-10,1.927686480832802e-6,1.5181279963743776e-5,0.0,2.7112508831298582e-5,0.0038560369370547395,0.0,0.09947142683661944,0.0,0.0,2790.0079865701114
